symbol,timeframe,direction,ai_score,ta_strength,signal_strength,whale_score,social_score,news_score,current_price,entry_price,timestamp,predicted_gain,predicted_duration,quality_score,quality_checks_passed,confidence,feature_dummy_ratio,feature_quality_warning,dynamic_strictness,strictness_level,dynamic_min_confidence,dynamic_min_ai_score,dynamic_min_ta_strength,strictness_recommendation,volume_score,momentum_score,pattern_score,pattern_score_vs_avg,whale_direction_score,order_book_imbalance,top_bid_walls,top_ask_walls,target_time_hours
BNSOL/USDT,1h,LONG,0.8,0.467,0.467,1.0,0.0,0.0,175.0,175.0,2025-07-14 19:35:35.587761,5.0,4-8 saat,0.713,True,0.654,0.0,False,0.5,DÜŞÜK SIKILIK,0.5,0.4,0.35,"Daha fazla sinyal - Düşük sıkılık, fırsat odaklı",0.2,0.367,0.0,1.0,0.18252267991350649,0.14531493068127854,"[{""price"": 161.0, ""amount"": 250.0}, {""price"": 173.6, ""amount"": 189.865}, {""price"": 173.3, ""amount"": 154.251}]","[{""price"": 190.0, ""amount"": 403.16}, {""price"": 180.0, ""amount"": 110.897}, {""price"": 175.4, ""amount"": 71.988}]",4
BTC/USDT,1h,LONG,0.79,0.467,0.467,0.0,0.0,0.0,119462.92,119462.92,2025-07-14 19:11:26.643507,5.0,4-8 saat,0.558,True,0.612,0.0,False,0.5,DÜŞÜK SIKILIK,0.5,0.4,0.35,"Daha fazla sinyal - Düşük sıkılık, fırsat odaklı",0.2,0.367,0.0,1.0,0.0,-0.8269847453245097,"[{""price"": 119442.27, ""amount"": 0.59556}, {""price"": 119461.44, ""amount"": 0.58574}, {""price"": 119449.83, ""amount"": 0.36554}]","[{""price"": 119500.0, ""amount"": 20.69902}, {""price"": 119499.98, ""amount"": 6.72186}, {""price"": 119461.45, ""amount"": 4.92405}]",5
BIFI/USDT,1h,LONG,0.749,0.6,0.6,1.0,0.0,0.0,174.9,174.9,2025-07-14 19:29:15.676947,5.0,4-8 saat,0.734,True,0.615,0.0,False,0.5,DÜŞÜK SIKILIK,0.5,0.4,0.35,"Daha fazla sinyal - Düşük sıkılık, fırsat odaklı",0.2,0.633,0.0,1.0,-0.618713497587254,-0.38035877630863696,"[{""price"": 172.7, ""amount"": 27.778}, {""price"": 160.3, ""amount"": 13.464}, {""price"": 155.0, ""amount"": 10.821}]","[{""price"": 190.0, ""amount"": 79.684}, {""price"": 195.0, ""amount"": 47.794}, {""price"": 180.0, ""amount"": 35.359}]",3
BNB/USDT,1h,LONG,0.723,0.567,0.567,0.0,0.0,0.0,690.73,690.73,2025-07-14 19:11:45.950982,5.0,4-8 saat,0.56,True,0.508,0.0,False,0.5,DÜŞÜK SIKILIK,0.5,0.4,0.35,"Daha fazla sinyal - Düşük sıkılık, fırsat odaklı",0.2,0.333,0.0,1.0,0.0,0.2947969236050212,"[{""price"": 690.0, ""amount"": 281.563}, {""price"": 690.3, ""amount"": 164.426}, {""price"": 690.01, ""amount"": 89.82}]","[{""price"": 691.04, ""amount"": 43.331}, {""price"": 691.02, ""amount"": 38.48}, {""price"": 690.99, ""amount"": 26.223}]",5
AXL/USDT,1h,LONG,0.715,0.567,0.567,0.0,0.0,0.0,0.355,0.355,2025-07-14 19:33:28.295961,5.0,4-8 saat,0.556,True,0.37,0.0,False,0.5,DÜŞÜK SIKILIK,0.5,0.4,0.35,"Daha fazla sinyal - Düşük sıkılık, fırsat odaklı",0.4,0.267,0.0,1.0,0.9999999999621018,0.37026232941725307,"[{""price"": 0.3513, ""amount"": 75110.93}, {""price"": 0.348, ""amount"": 38190.93}, {""price"": 0.3532, ""amount"": 31393.05}]","[{""price"": 0.3571, ""amount"": 31262.25}, {""price"": 0.356, ""amount"": 11369.58}, {""price"": 0.3568, ""amount"": 7797.96}]",4
ALGO/USDT,1h,LONG,0.714,0.7,0.7,0.0,0.0,0.0,0.2842,0.2842,2025-07-14 19:13:34.519213,5.0,4-8 saat,0.602,True,0.369,0.0,False,0.5,DÜŞÜK SIKILIK,0.5,0.4,0.35,"Daha fazla sinyal - Düşük sıkılık, fırsat odaklı",0.2,0.4,0.0,1.0,0.0,0.22931088168727812,"[{""price"": 0.275, ""amount"": 92798.0}, {""price"": 0.2755, ""amount"": 91004.0}, {""price"": 0.283, ""amount"": 78508.0}]","[{""price"": 0.2856, ""amount"": 69540.0}, {""price"": 0.2857, ""amount"": 55208.0}, {""price"": 0.2855, ""amount"": 51469.0}]",3
CVC/USDT,1h,LONG,0.714,0.433,0.433,1.0,0.0,0.0,0.1015,0.1015,2025-07-14 19:14:28.754349,5.0,4-8 saat,0.659,True,0.369,0.0,False,0.5,DÜŞÜK SIKILIK,0.5,0.4,0.35,"Daha fazla sinyal - Düşük sıkılık, fırsat odaklı",0.2,0.267,0.0,1.0,-0.1533040882053134,-0.16736137812383675,"[{""price"": 0.0997, ""amount"": 477583.0}, {""price"": 0.1013, ""amount"": 129617.0}, {""price"": 0.0863, ""amount"": 93000.0}]","[{""price"": 0.1036, ""amount"": 462001.0}, {""price"": 0.11, ""amount"": 104285.0}, {""price"": 0.114, ""amount"": 86935.0}]",4
ARDR/USDT,1h,LONG,0.714,0.467,0.467,0.2,0.0,0.0,0.08587,0.08587,2025-07-14 19:16:58.941041,5.0,4-8 saat,0.55,True,0.369,0.0,False,0.5,DÜŞÜK SIKILIK,0.5,0.4,0.35,"Daha fazla sinyal - Düşük sıkılık, fırsat odaklı",0.2,0.367,0.0,1.0,0.999999999911619,-0.07605850507332768,"[{""price"": 0.08498, ""amount"": 133145.0}, {""price"": 0.08509, ""amount"": 23504.0}, {""price"": 0.08559, ""amount"": 23123.0}]","[{""price"": 0.08613, ""amount"": 28991.0}, {""price"": 0.08634, ""amount"": 23123.0}, {""price"": 0.08661, ""amount"": 23123.0}]",4
AUDIO/USDT,1h,LONG,0.714,0.333,0.333,0.6,0.0,0.0,0.0648,0.0648,2025-07-14 19:18:57.983195,5.0,4-8 saat,0.564,True,0.369,0.0,False,0.5,DÜŞÜK SIKILIK,0.5,0.4,0.35,"Daha fazla sinyal - Düşük sıkılık, fırsat odaklı",0.6,0.4,0.0,1.0,0.999999999976419,0.12425403179520535,"[{""price"": 0.0645, ""amount"": 285325.7}, {""price"": 0.055, ""amount"": 265190.7}, {""price"": 0.0644, ""amount"": 146242.5}]","[{""price"": 0.0665, ""amount"": 124462.0}, {""price"": 0.0666, ""amount"": 89877.6}, {""price"": 0.0657, ""amount"": 74916.0}]",3
CTK/USDT,1h,LONG,0.714,0.333,0.333,1.0,0.0,0.0,0.3168,0.3168,2025-07-14 19:19:18.526276,5.0,4-8 saat,0.623,True,0.371,0.0,False,0.5,DÜŞÜK SIKILIK,0.5,0.4,0.35,"Daha fazla sinyal - Düşük sıkılık, fırsat odaklı",0.4,0.367,0.0,1.0,-0.13862743775690586,0.024944289178470185,"[{""price"": 0.3146, ""amount"": 25392.7}, {""price"": 0.3148, ""amount"": 16726.5}, {""price"": 0.3151, ""amount"": 14212.2}]","[{""price"": 0.3417, ""amount"": 20787.2}, {""price"": 0.3412, ""amount"": 19574.1}, {""price"": 0.3186, ""amount"": 17717.9}]",4
CELO/USDT,1h,LONG,0.714,0.467,0.467,0.0,0.0,0.0,0.3336,0.3336,2025-07-14 19:21:06.971260,5.0,4-8 saat,0.52,True,0.37,0.0,False,0.5,DÜŞÜK SIKILIK,0.5,0.4,0.35,"Daha fazla sinyal - Düşük sıkılık, fırsat odaklı",0.2,0.367,0.0,1.0,0.0,0.12560523432051737,"[{""price"": 0.3271, ""amount"": 39220.2}, {""price"": 0.3315, ""amount"": 37191.9}, {""price"": 0.3291, ""amount"": 22843.6}]","[{""price"": 0.3402, ""amount"": 38857.3}, {""price"": 0.3346, ""amount"": 27785.2}, {""price"": 0.335, ""amount"": 25658.6}]",4
CATI/USDT,1h,LONG,0.714,0.333,0.333,1.0,0.0,0.0,0.087,0.087,2025-07-14 19:35:16.293040,5.0,4-8 saat,0.624,True,0.369,0.0,False,0.5,DÜŞÜK SIKILIK,0.5,0.4,0.35,"Daha fazla sinyal - Düşük sıkılık, fırsat odaklı",0.2,0.4,0.0,1.0,-0.2628154933307604,-0.21826611103266694,"[{""price"": 0.0854, ""amount"": 548149.6}, {""price"": 0.0863, ""amount"": 297847.6}, {""price"": 0.0867, ""amount"": 154633.1}]","[{""price"": 0.0889, ""amount"": 535658.4}, {""price"": 0.088, ""amount"": 325488.3}, {""price"": 0.0879, ""amount"": 267149.5}]",4
COW/USDT,1h,LONG,0.714,0.467,0.467,0.0,0.0,0.0,0.373,0.373,2025-07-14 19:35:54.750755,5.0,4-8 saat,0.52,True,0.37,0.0,False,0.5,DÜŞÜK SIKILIK,0.5,0.4,0.35,"Daha fazla sinyal - Düşük sıkılık, fırsat odaklı",0.2,0.3,0.0,1.0,0.0,0.14087917683314105,"[{""price"": 0.358, ""amount"": 28543.6}, {""price"": 0.3626, ""amount"": 14221.3}, {""price"": 0.3701, ""amount"": 10830.3}]","[{""price"": 0.3741, ""amount"": 15955.2}, {""price"": 0.38, ""amount"": 15476.9}, {""price"": 0.375, ""amount"": 10380.7}]",4
AWE/USDT,1h,LONG,0.714,0.333,0.333,0.2,0.0,0.0,0.0587,0.0587,2025-07-14 19:41:12.995837,5.0,4-8 saat,0.504,True,0.369,0.0,False,0.5,DÜŞÜK SIKILIK,0.5,0.4,0.35,"Daha fazla sinyal - Düşük sıkılık, fırsat odaklı",0.2,0.3,0.0,1.0,0.9999999999292382,0.4235701560917955,"[{""price"": 0.05611, ""amount"": 251861.0}, {""price"": 0.05615, ""amount"": 238808.0}, {""price"": 0.05618, ""amount"": 238442.0}]","[{""price"": 0.06415, ""amount"": 173154.0}, {""price"": 0.065, ""amount"": 59314.0}, {""price"": 0.0639, ""amount"": 35925.0}]",4
BAT/USDT,1h,LONG,0.712,0.333,0.333,0.0,0.0,0.0,0.1516,0.1516,2025-07-14 19:12:39.320184,5.0,4-8 saat,0.473,True,0.369,0.0,False,0.5,DÜŞÜK SIKILIK,0.5,0.4,0.35,"Daha fazla sinyal - Düşük sıkılık, fırsat odaklı",0.2,0.3,0.0,1.0,0.0,-0.021371630714181047,"[{""price"": 0.142, ""amount"": 64237.0}, {""price"": 0.1512, ""amount"": 51012.0}, {""price"": 0.1514, ""amount"": 35512.0}]","[{""price"": 0.1613, ""amount"": 68339.0}, {""price"": 0.1545, ""amount"": 64378.0}, {""price"": 0.1628, ""amount"": 50000.0}]",4
CELR/USDT,1h,LONG,0.712,0.333,0.333,1.0,0.0,0.0,0.00852,0.00852,2025-07-14 19:12:58.300402,5.0,4-8 saat,0.623,True,0.369,0.0,False,0.5,DÜŞÜK SIKILIK,0.5,0.4,0.35,"Daha fazla sinyal - Düşük sıkılık, fırsat odaklı",0.2,0.367,0.0,1.0,-0.4034566656014016,-0.17026235304539386,"[{""price"": 0.00711, ""amount"": 1594812.1}, {""price"": 0.00821, ""amount"": 1409919.1}, {""price"": 0.0078, ""amount"": 1340669.1}]","[{""price"": 0.00897, ""amount"": 1881302.7}, {""price"": 0.0088, ""amount"": 1458318.9}, {""price"": 0.00933, ""amount"": 1384290.5}]",4
ANKR/USDT,1h,LONG,0.712,0.433,0.433,0.2,0.0,0.0,0.01665,0.01665,2025-07-14 19:13:52.534192,5.0,4-8 saat,0.538,True,0.369,0.0,False,0.5,DÜŞÜK SIKILIK,0.5,0.4,0.35,"Daha fazla sinyal - Düşük sıkılık, fırsat odaklı",0.2,0.267,0.0,1.0,-0.9999999999797736,-0.3418006155010566,"[{""price"": 0.01657, ""amount"": 367780.5}, {""price"": 0.01632, ""amount"": 238853.9}, {""price"": 0.01654, ""amount"": 212166.7}]","[{""price"": 0.01761, ""amount"": 2807522.9}, {""price"": 0.0179, ""amount"": 285634.4}, {""price"": 0.01695, ""amount"": 234801.3}]",4
CHZ/USDT,1h,LONG,0.712,0.433,0.433,0.0,0.0,0.0,0.04025,0.04025,2025-07-14 19:14:46.646402,5.0,4-8 saat,0.508,True,0.369,0.0,False,0.5,DÜŞÜK SIKILIK,0.5,0.4,0.35,"Daha fazla sinyal - Düşük sıkılık, fırsat odaklı",0.2,0.267,0.0,1.0,0.0,0.10070718967708236,"[{""price"": 0.03887, ""amount"": 339367.0}, {""price"": 0.03973, ""amount"": 309318.0}, {""price"": 0.03902, ""amount"": 278658.0}]","[{""price"": 0.04078, ""amount"": 303618.0}, {""price"": 0.04168, ""amount"": 265623.0}, {""price"": 0.0417, ""amount"": 262484.0}]",4
CTSI/USDT,1h,LONG,0.712,0.333,0.333,1.0,0.0,0.0,0.071,0.071,2025-07-14 19:16:22.821278,5.0,4-8 saat,0.623,True,0.369,0.0,False,0.5,DÜŞÜK SIKILIK,0.5,0.4,0.35,"Daha fazla sinyal - Düşük sıkılık, fırsat odaklı",0.2,0.367,0.0,1.0,-0.4931220273093809,-0.23505071137328218,"[{""price"": 0.0626, ""amount"": 186200.0}, {""price"": 0.0621, ""amount"": 161217.0}, {""price"": 0.06, ""amount"": 139024.0}]","[{""price"": 0.0744, ""amount"": 218699.0}, {""price"": 0.0745, ""amount"": 204407.0}, {""price"": 0.0774, ""amount"": 169133.0}]",4
CHR/USDT,1h,LONG,0.712,0.333,0.333,1.0,0.0,0.0,0.0925,0.0925,2025-07-14 19:16:40.863511,5.0,4-8 saat,0.623,True,0.369,0.0,False,0.5,DÜŞÜK SIKILIK,0.5,0.4,0.35,"Daha fazla sinyal - Düşük sıkılık, fırsat odaklı",0.2,0.3,0.0,1.0,-0.9999999999929653,-0.4658966958046965,"[{""price"": 0.0902, ""amount"": 70683.0}, {""price"": 0.0801, ""amount"": 63842.0}, {""price"": 0.0851, ""amount"": 60091.0}]","[{""price"": 0.0942, ""amount"": 190994.0}, {""price"": 0.0948, ""amount"": 172523.0}, {""price"": 0.1, ""amount"": 163601.0}]",4
BIFI/USDT,1h,LONG,0.749,0.7,0.7,1.0,0.0,0.0,178.7,178.7,2025-07-14 19:55:51.644924,5.0,4-8 saat,0.769,True,0.615,0.0,False,0.5,DÜŞÜK SIKILIK,0.5,0.4,0.35,"Daha fazla sinyal - Düşük sıkılık, fırsat odaklı",1.0,0.667,0.0,1.0,-0.6450772303311465,-0.3789107679801565,"[{""price"": 176.7, ""amount"": 28.383}, {""price"": 172.9, ""amount"": 22.405}, {""price"": 162.0, ""amount"": 12.186}]","[{""price"": 190.0, ""amount"": 79.684}, {""price"": 195.0, ""amount"": 47.794}, {""price"": 180.0, ""amount"": 35.359}]",2
ALGO/USDT,1h,LONG,0.714,0.7,0.7,0.0,0.0,0.0,0.2884,0.2884,2025-07-14 19:42:51.671923,5.0,4-8 saat,0.602,True,0.369,0.0,False,0.5,DÜŞÜK SIKILIK,0.5,0.4,0.35,"Daha fazla sinyal - Düşük sıkılık, fırsat odaklı",0.2,0.433,0.0,1.0,0.0,0.14414142815237535,"[{""price"": 0.285, ""amount"": 99535.0}, {""price"": 0.2873, ""amount"": 94944.0}, {""price"": 0.2867, ""amount"": 88208.0}]","[{""price"": 0.2902, ""amount"": 95752.0}, {""price"": 0.2901, ""amount"": 63728.0}, {""price"": 0.2903, ""amount"": 48255.0}]",3
AEVO/USDT,1h,LONG,0.714,0.333,0.333,1.0,0.0,0.0,0.1066,0.1066,2025-07-14 20:00:14.970883,5.0,4-8 saat,0.624,True,0.369,0.0,False,0.5,DÜŞÜK SIKILIK,0.5,0.4,0.35,"Daha fazla sinyal - Düşük sıkılık, fırsat odaklı",0.2,0.4,0.0,1.0,0.318575502593953,0.24292227005734585,"[{""price"": 0.1046, ""amount"": 481229.85}, {""price"": 0.1056, ""amount"": 407210.91}, {""price"": 0.0915, ""amount"": 244710.62}]","[{""price"": 0.1083, ""amount"": 290926.52}, {""price"": 0.1074, ""amount"": 256524.47}, {""price"": 0.1073, ""amount"": 108134.77}]",4
CGPT/USDT,1h,LONG,0.714,0.333,0.333,0.4,0.0,0.0,0.1077,0.1077,2025-07-14 20:03:39.369751,5.0,4-8 saat,0.534,True,0.369,0.0,False,0.5,DÜŞÜK SIKILIK,0.5,0.4,0.35,"Daha fazla sinyal - Düşük sıkılık, fırsat odaklı",0.2,0.3,0.0,1.0,-0.030640668522735042,-0.011471828542839894,"[{""price"": 0.1044, ""amount"": 151045.4}, {""price"": 0.1059, ""amount"": 80567.5}, {""price"": 0.1072, ""amount"": 72724.6}]","[{""price"": 0.111, ""amount"": 151045.4}, {""price"": 0.1095, ""amount"": 78646.9}, {""price"": 0.1081, ""amount"": 77119.1}]",4
BIGTIME/USDT,1h,LONG,0.714,0.333,0.333,0.8,0.0,0.0,0.06021,0.06021,2025-07-14 20:06:23.527646,5.0,4-8 saat,0.594,True,0.369,0.0,False,0.5,DÜŞÜK SIKILIK,0.5,0.4,0.35,"Daha fazla sinyal - Düşük sıkılık, fırsat odaklı",0.2,0.4,0.0,1.0,0.0009881091397895485,0.03951138168473816,"[{""price"": 0.0592, ""amount"": 2026997.0}, {""price"": 0.05983, ""amount"": 1343845.0}, {""price"": 0.06, ""amount"": 128926.0}]","[{""price"": 0.06131, ""amount"": 1957286.0}, {""price"": 0.06078, ""amount"": 1316282.0}, {""price"": 0.06041, ""amount"": 143905.0}]",4
1INCH/USDT,1h,LONG,0.712,0.333,0.333,0.0,0.0,0.0,0.3271,0.3271,2025-07-14 19:46:55.166359,5.0,4-8 saat,0.473,True,0.369,0.0,False,0.5,DÜŞÜK SIKILIK,0.5,0.4,0.35,"Daha fazla sinyal - Düşük sıkılık, fırsat odaklı",0.4,0.633,0.0,1.0,0.0,0.028578969982463065,"[{""price"": 0.32, ""amount"": 43150.8}, {""price"": 0.3246, ""amount"": 25519.6}, {""price"": 0.3213, ""amount"": 24240.2}]","[{""price"": 0.33, ""amount"": 50024.8}, {""price"": 0.3325, ""amount"": 27366.5}, {""price"": 0.3301, ""amount"": 19743.8}]",3
BAKE/USDT,1h,LONG,0.712,0.333,0.333,0.4,0.0,0.0,0.0902,0.0902,2025-07-14 19:49:37.383823,5.0,4-8 saat,0.533,True,0.369,0.0,False,0.5,DÜŞÜK SIKILIK,0.5,0.4,0.35,"Daha fazla sinyal - Düşük sıkılık, fırsat odaklı",0.6,0.4,0.0,1.0,-0.9999999999916237,-0.30987240487312606,"[{""price"": 0.0805, ""amount"": 125495.1}, {""price"": 0.0899, ""amount"": 84116.0}, {""price"": 0.0851, ""amount"": 83110.7}]","[{""price"": 0.0948, ""amount"": 1056735.5}, {""price"": 0.0925, ""amount"": 207624.2}, {""price"": 0.0905, ""amount"": 64829.0}]",3
ATA/USDT,1h,LONG,0.712,0.333,0.333,1.0,0.0,0.0,0.0522,0.0522,2025-07-14 19:50:16.331759,5.0,4-8 saat,0.623,True,0.369,0.0,False,0.5,DÜŞÜK SIKILIK,0.5,0.4,0.35,"Daha fazla sinyal - Düşük sıkılık, fırsat odaklı",0.2,0.367,0.0,1.0,-0.34229542287701775,-0.22712895593026414,"[{""price"": 0.051, ""amount"": 575537.0}, {""price"": 0.0508, ""amount"": 189266.0}, {""price"": 0.041, ""amount"": 172958.0}]","[{""price"": 0.0539, ""amount"": 236970.0}, {""price"": 0.0573, ""amount"": 224217.0}, {""price"": 0.055, ""amount"": 155576.0}]",4
CHESS/USDT,1h,LONG,0.712,0.467,0.467,1.0,0.0,0.0,0.0748,0.0748,2025-07-14 19:51:14.793286,5.0,4-8 saat,0.67,True,0.369,0.0,False,0.5,DÜŞÜK SIKILIK,0.5,0.4,0.35,"Daha fazla sinyal - Düşük sıkılık, fırsat odaklı",0.4,0.4,0.0,1.0,-0.1356073843574371,-0.18784863456485967,"[{""price"": 0.071, ""amount"": 269654.6}, {""price"": 0.0713, ""amount"": 218056.1}, {""price"": 0.0644, ""amount"": 155727.1}]","[{""price"": 0.0824, ""amount"": 329481.8}, {""price"": 0.0751, ""amount"": 198207.5}, {""price"": 0.0815, ""amount"": 162574.0}]",3
ADX/USDT,1h,LONG,0.712,0.333,0.333,1.0,0.0,0.0,0.0961,0.0961,2025-07-14 19:51:32.560176,5.0,4-8 saat,0.623,True,0.369,0.0,False,0.5,DÜŞÜK SIKILIK,0.5,0.4,0.35,"Daha fazla sinyal - Düşük sıkılık, fırsat odaklı",0.6,0.3,0.0,1.0,0.05398053301648091,0.09983292170873379,"[{""price"": 0.081, ""amount"": 246913.0}, {""price"": 0.0959, ""amount"": 214505.0}, {""price"": 0.075, ""amount"": 200235.0}]","[{""price"": 0.0978, ""amount"": 150138.0}, {""price"": 0.0982, ""amount"": 145212.0}, {""price"": 0.0975, ""amount"": 128981.0}]",4
BICO/USDT,1h,LONG,0.712,0.333,0.333,1.0,0.0,0.0,0.1058,0.1058,2025-07-14 19:53:02.514602,5.0,4-8 saat,0.623,True,0.369,0.0,False,0.5,DÜŞÜK SIKILIK,0.5,0.4,0.35,"Daha fazla sinyal - Düşük sıkılık, fırsat odaklı",0.2,0.367,0.0,1.0,-0.4856857534911759,-0.34422502970138535,"[{""price"": 0.0914, ""amount"": 117260.26}, {""price"": 0.1035, ""amount"": 114190.75}, {""price"": 0.1045, ""amount"": 109053.51}]","[{""price"": 0.1111, ""amount"": 185885.97}, {""price"": 0.1094, ""amount"": 122553.66}, {""price"": 0.1086, ""amount"": 111128.51}]",4
ACH/USDT,1h,LONG,0.712,0.333,0.333,0.0,0.0,0.0,0.02128,0.02128,2025-07-14 19:53:40.619148,5.0,4-8 saat,0.473,True,0.369,0.0,False,0.5,DÜŞÜK SIKILIK,0.5,0.4,0.35,"Daha fazla sinyal - Düşük sıkılık, fırsat odaklı",0.8,0.4,0.0,1.0,0.9999999999563706,0.07750707946991207,"[{""price"": 0.02109, ""amount"": 1086786.0}, {""price"": 0.02114, ""amount"": 397088.0}, {""price"": 0.02124, ""amount"": 378858.0}]","[{""price"": 0.02215, ""amount"": 519980.0}, {""price"": 0.02134, ""amount"": 507647.0}, {""price"": 0.0225, ""amount"": 459540.0}]",4
ACA/USDT,1h,LONG,0.712,0.333,0.333,1.0,0.0,0.0,0.0292,0.0292,2025-07-14 19:54:36.509259,5.0,4-8 saat,0.623,True,0.369,0.0,False,0.5,DÜŞÜK SIKILIK,0.5,0.4,0.35,"Daha fazla sinyal - Düşük sıkılık, fırsat odaklı",0.4,0.4,0.0,1.0,-0.6713595492088179,-0.4748852579418896,"[{""price"": 0.0161, ""amount"": 683237.99}, {""price"": 0.028, ""amount"": 680685.15}, {""price"": 0.0289, ""amount"": 505187.09}]","[{""price"": 0.035, ""amount"": 3707760.28}, {""price"": 0.034, ""amount"": 2074462.53}, {""price"": 0.0355, ""amount"": 1454633.46}]",4
ASTR/USDT,1h,LONG,0.712,0.333,0.333,1.0,0.0,0.0,0.02529,0.02529,2025-07-14 19:55:11.817044,5.0,4-8 saat,0.623,True,0.369,0.0,False,0.5,DÜŞÜK SIKILIK,0.5,0.4,0.35,"Daha fazla sinyal - Düşük sıkılık, fırsat odaklı",0.2,0.4,0.0,1.0,0.22486474178883098,0.18687166242264958,"[{""price"": 0.02482, ""amount"": 4593302.8}, {""price"": 0.02444, ""amount"": 3836656.4}, {""price"": 0.02473, ""amount"": 966680.2}]","[{""price"": 0.02618, ""amount"": 3597017.3}, {""price"": 0.02579, ""amount"": 3443272.4}, {""price"": 0.0276, ""amount"": 312489.4}]",4
ARK/USDT,1h,LONG,0.712,0.567,0.567,0.0,0.0,0.0,0.4395,0.4395,2025-07-14 19:57:23.822378,5.0,4-8 saat,0.554,True,0.369,0.0,False,0.5,DÜŞÜK SIKILIK,0.5,0.4,0.35,"Daha fazla sinyal - Düşük sıkılık, fırsat odaklı",0.4,0.267,0.0,1.0,0.0,0.09105478469873571,"[{""price"": 0.416, ""amount"": 21650.0}, {""price"": 0.436, ""amount"": 11113.0}, {""price"": 0.4385, ""amount"": 7120.0}]","[{""price"": 0.4426, ""amount"": 12633.0}, {""price"": 0.4404, ""amount"": 12378.0}, {""price"": 0.4416, ""amount"": 6649.0}]",4
BLUR/USDT,1h,LONG,0.712,0.333,0.333,0.2,0.0,0.0,0.0878,0.0878,2025-07-14 19:58:03.623626,5.0,4-8 saat,0.503,True,0.369,0.0,False,0.5,DÜŞÜK SIKILIK,0.5,0.4,0.35,"Daha fazla sinyal - Düşük sıkılık, fırsat odaklı",0.2,0.4,0.0,1.0,0.9999999999852602,0.23158971531013137,"[{""price"": 0.082, ""amount"": 827354.6}, {""price"": 0.0863, ""amount"": 139075.4}, {""price"": 0.0865, ""amount"": 117406.4}]","[{""price"": 0.099, ""amount"": 170375.9}, {""price"": 0.0999, ""amount"": 163849.2}, {""price"": 0.088, ""amount"": 144437.5}]",4
AI/USDT,1h,LONG,0.712,0.333,0.333,0.4,0.0,0.0,0.1476,0.1476,2025-07-14 19:59:34.758316,5.0,4-8 saat,0.533,True,0.369,0.0,False,0.5,DÜŞÜK SIKILIK,0.5,0.4,0.35,"Daha fazla sinyal - Düşük sıkılık, fırsat odaklı",0.4,0.4,0.0,1.0,0.15963233205977323,-0.16877993362715665,"[{""price"": 0.14, ""amount"": 188378.4}, {""price"": 0.147, ""amount"": 44447.8}, {""price"": 0.1471, ""amount"": 40463.6}]","[{""price"": 0.155, ""amount"": 123303.8}, {""price"": 0.1547, ""amount"": 101740.6}, {""price"": 0.1512, ""amount"": 98539.7}]",3
BB/USDT,1h,LONG,0.712,0.333,0.333,0.4,0.0,0.0,0.1027,0.1027,2025-07-14 20:00:54.064714,5.0,4-8 saat,0.533,True,0.369,0.0,False,0.5,DÜŞÜK SIKILIK,0.5,0.4,0.35,"Daha fazla sinyal - Düşük sıkılık, fırsat odaklı",0.2,0.4,0.0,1.0,0.2818291503973902,0.2255666244988462,"[{""price"": 0.1007, ""amount"": 425882.7}, {""price"": 0.1008, ""amount"": 74752.2}, {""price"": 0.1019, ""amount"": 50663.0}]","[{""price"": 0.1138, ""amount"": 211142.1}, {""price"": 0.1035, ""amount"": 49984.1}, {""price"": 0.1029, ""amount"": 36105.0}]",4
CETUS/USDT,1h,LONG,0.712,0.467,0.467,0.2,0.0,0.0,0.1211,0.1211,2025-07-14 20:01:49.640879,5.0,4-8 saat,0.55,True,0.369,0.0,False,0.5,DÜŞÜK SIKILIK,0.5,0.4,0.35,"Daha fazla sinyal - Düşük sıkılık, fırsat odaklı",0.2,0.4,0.0,1.0,-0.9999999999873515,0.05048540961548793,"[{""price"": 0.1202, ""amount"": 181885.9}, {""price"": 0.1089, ""amount"": 130958.9}, {""price"": 0.1194, ""amount"": 128727.5}]","[{""price"": 0.1267, ""amount"": 623995.1}, {""price"": 0.126, ""amount"": 186356.2}, {""price"": 0.1298, ""amount"": 100184.9}]",4
ACX/USDT,1h,LONG,0.712,0.333,0.333,1.0,0.0,0.0,0.1656,0.1656,2025-07-14 20:02:26.116275,5.0,4-8 saat,0.623,True,0.369,0.0,False,0.5,DÜŞÜK SIKILIK,0.5,0.4,0.35,"Daha fazla sinyal - Düşük sıkılık, fırsat odaklı",0.2,0.3,0.0,1.0,-0.11712899861478149,-0.30784411469922135,"[{""price"": 0.1633, ""amount"": 112500.0}, {""price"": 0.1642, ""amount"": 94024.6}, {""price"": 0.1625, ""amount"": 58167.6}]","[{""price"": 0.1689, ""amount"": 170702.7}, {""price"": 0.1673, ""amount"": 80500.0}, {""price"": 0.181, ""amount"": 68740.7}]",4
COTI/USDT,1h,LONG,0.714,0.333,0.333,0.2,0.0,0.0,0.05671,0.05671,2025-07-14 20:10:01.845432,5.0,4-8 saat,0.504,True,0.369,0.0,False,0.5,DÜŞÜK SIKILIK,0.5,0.4,0.35,"Daha fazla sinyal - Düşük sıkılık, fırsat odaklı",0.2,0.4,0.0,1.0,-0.999999999908934,-0.3172091291538716,"[{""price"": 0.05543, ""amount"": 70538.0}, {""price"": 0.05651, ""amount"": 63220.0}, {""price"": 0.05614, ""amount"": 50799.0}]","[{""price"": 0.05815, ""amount"": 188840.0}, {""price"": 0.05818, ""amount"": 142089.0}, {""price"": 0.05856, ""amount"": 110133.0}]",4
COS/USDT,1h,LONG,0.712,0.333,0.333,1.0,0.0,0.0,0.003406,0.003406,2025-07-14 20:08:47.798874,5.0,4-8 saat,0.623,True,0.369,0.0,False,0.5,DÜŞÜK SIKILIK,0.5,0.4,0.35,"Daha fazla sinyal - Düşük sıkılık, fırsat odaklı",0.2,0.4,0.0,1.0,-0.5006798600319339,-0.28356169126248915,"[{""price"": 0.003269, ""amount"": 3179505.2}, {""price"": 0.003358, ""amount"": 2445383.6}, {""price"": 0.003393, ""amount"": 1008311.0}]","[{""price"": 0.0036, ""amount"": 5796689.0}, {""price"": 0.003531, ""amount"": 2812191.0}, {""price"": 0.003457, ""amount"": 2435780.1}]",4
ARPA/USDT,1h,LONG,0.712,0.333,0.333,0.4,0.0,0.0,0.02273,0.02273,2025-07-14 20:09:26.140200,5.0,4-8 saat,0.533,True,0.369,0.0,False,0.5,DÜŞÜK SIKILIK,0.5,0.4,0.35,"Daha fazla sinyal - Düşük sıkılık, fırsat odaklı",0.2,0.4,0.0,1.0,-0.44497947020443374,-0.3556094381369118,"[{""price"": 0.022, ""amount"": 794109.3}, {""price"": 0.02241, ""amount"": 454925.2}, {""price"": 0.02205, ""amount"": 445306.1}]","[{""price"": 0.02355, ""amount"": 1371923.9}, {""price"": 0.02342, ""amount"": 562547.9}, {""price"": 0.02364, ""amount"": 460271.0}]",4
CFX/USDT,1h,LONG,0.712,0.333,0.333,0.8,0.0,0.0,0.1016,0.1016,2025-07-14 20:14:27.394725,5.0,4-8 saat,0.593,True,0.369,0.0,False,0.5,DÜŞÜK SIKILIK,0.5,0.4,0.35,"Daha fazla sinyal - Düşük sıkılık, fırsat odaklı",0.2,0.4,0.0,1.0,0.43239932932471753,0.1514783403590476,"[{""price"": 0.1012, ""amount"": 738924.0}, {""price"": 0.1, ""amount"": 460407.0}, {""price"": 0.1013, ""amount"": 416817.0}]","[{""price"": 0.1019, ""amount"": 634027.0}, {""price"": 0.1018, ""amount"": 278218.0}, {""price"": 0.109, ""amount"": 188008.0}]",4
C98/USDT,1h,LONG,0.712,0.333,0.333,1.0,0.0,0.0,0.0534,0.0534,2025-07-14 20:15:24.440439,5.0,4-8 saat,0.623,True,0.369,0.0,False,0.5,DÜŞÜK SIKILIK,0.5,0.4,0.35,"Daha fazla sinyal - Düşük sıkılık, fırsat odaklı",0.2,0.3,0.0,1.0,-0.08888792290270417,-0.05472657678633677,"[{""price"": 0.0531, ""amount"": 634934.4}, {""price"": 0.0468, ""amount"": 553917.1}, {""price"": 0.0529, ""amount"": 501680.4}]","[{""price"": 0.06, ""amount"": 721851.7}, {""price"": 0.0562, ""amount"": 271965.6}, {""price"": 0.056, ""amount"": 257904.0}]",4
COOKIE/USDT,1h,LONG,0.712,0.467,0.467,0.0,0.0,0.0,0.1869,0.1869,2025-07-14 20:24:09.294939,5.0,4-8 saat,0.52,True,0.369,0.0,False,0.5,DÜŞÜK SIKILIK,0.5,0.4,0.35,"Daha fazla sinyal - Düşük sıkılık, fırsat odaklı",0.2,0.3,0.0,1.0,0.0,0.04419421497195286,"[{""price"": 0.1776, ""amount"": 78617.7}, {""price"": 0.1786, ""amount"": 77145.6}, {""price"": 0.1865, ""amount"": 58728.3}]","[{""price"": 0.19, ""amount"": 51567.1}, {""price"": 0.1872, ""amount"": 44446.8}, {""price"": 0.1871, ""amount"": 42882.0}]",4
ANIME/USDT,1h,LONG,0.712,0.333,0.333,1.0,0.0,0.0,0.01843,0.01843,2025-07-14 20:24:27.430578,5.0,4-8 saat,0.623,True,0.369,0.0,False,0.5,DÜŞÜK SIKILIK,0.5,0.4,0.35,"Daha fazla sinyal - Düşük sıkılık, fırsat odaklı",0.2,0.3,0.0,1.0,-0.10066581424091431,0.028709779975515985,"[{""price"": 0.01806, ""amount"": 4065040.5}, {""price"": 0.01825, ""amount"": 2455829.7}, {""price"": 0.01814, ""amount"": 685980.0}]","[{""price"": 0.01877, ""amount"": 4076424.8}, {""price"": 0.01859, ""amount"": 2910311.9}, {""price"": 0.01878, ""amount"": 749998.2}]",4
BMT/USDT,1h,LONG,0.712,0.333,0.333,1.0,0.0,0.0,0.0851,0.0851,2025-07-14 20:25:21.304565,5.0,4-8 saat,0.623,True,0.369,0.0,False,0.5,DÜŞÜK SIKILIK,0.5,0.4,0.35,"Daha fazla sinyal - Düşük sıkılık, fırsat odaklı",0.2,0.367,0.0,1.0,-0.0914878593852046,-0.08594365209330641,"[{""price"": 0.0835, ""amount"": 430488.5}, {""price"": 0.0847, ""amount"": 421532.1}, {""price"": 0.0843, ""amount"": 317902.2}]","[{""price"": 0.0869, ""amount"": 416792.9}, {""price"": 0.095, ""amount"": 304289.3}, {""price"": 0.0856, ""amount"": 300580.3}]",4
BROCCOLI714/USDT,1h,LONG,0.712,0.333,0.333,0.0,0.0,0.0,0.04652,0.04652,2025-07-14 20:25:40.844999,5.0,4-8 saat,0.473,True,0.369,0.0,False,0.5,DÜŞÜK SIKILIK,0.5,0.4,0.35,"Daha fazla sinyal - Düşük sıkılık, fırsat odaklı",0.2,0.4,0.0,1.0,0.0,-0.04588549027523797,"[{""price"": 0.04548, ""amount"": 100115.0}, {""price"": 0.04589, ""amount"": 83978.0}, {""price"": 0.04583, ""amount"": 65938.0}]","[{""price"": 0.048, ""amount"": 83400.0}, {""price"": 0.04763, ""amount"": 73050.0}, {""price"": 0.04757, ""amount"": 62084.0}]",4
ALICE/USDT,1h,LONG,0.711,0.467,0.467,0.4,0.0,0.0,0.4536,0.4536,2025-07-14 20:14:09.061771,5.0,4-8 saat,0.579,True,0.37,0.0,False,0.5,DÜŞÜK SIKILIK,0.5,0.4,0.35,"Daha fazla sinyal - Düşük sıkılık, fırsat odaklı",0.2,0.4,0.0,1.0,-0.21479437638352572,-0.11755870882474594,"[{""price"": 0.4465, ""amount"": 25361.48}, {""price"": 0.4504, ""amount"": 15361.2}, {""price"": 0.4467, ""amount"": 10930.03}]","[{""price"": 0.4687, ""amount"": 37378.38}, {""price"": 0.4568, ""amount"": 18433.03}, {""price"": 0.4552, ""amount"": 11026.25}]",4
ARB/USDT,1h,LONG,0.711,0.467,0.467,0.0,0.0,0.0,0.4095,0.4095,2025-07-14 20:19:08.004298,5.0,4-8 saat,0.519,True,0.369,0.0,False,0.5,DÜŞÜK SIKILIK,0.5,0.4,0.35,"Daha fazla sinyal - Düşük sıkılık, fırsat odaklı",0.2,0.4,0.0,1.0,0.0,0.09426872832071106,"[{""price"": 0.4, ""amount"": 198569.4}, {""price"": 0.4068, ""amount"": 100373.9}, {""price"": 0.4074, ""amount"": 71596.2}]","[{""price"": 0.4106, ""amount"": 83731.5}, {""price"": 0.4126, ""amount"": 83000.1}, {""price"": 0.4111, ""amount"": 76912.5}]",4
ACT/USDT,1h,LONG,0.711,0.333,0.333,1.0,0.0,0.0,0.0425,0.0425,2025-07-14 20:22:55.195447,5.0,4-8 saat,0.622,True,0.369,0.0,False,0.5,DÜŞÜK SIKILIK,0.5,0.4,0.35,"Daha fazla sinyal - Düşük sıkılık, fırsat odaklı",0.2,0.3,0.0,1.0,0.288848337135451,0.025703417066974203,"[{""price"": 0.035, ""amount"": 1193711.8}, {""price"": 0.0375, ""amount"": 654865.9}, {""price"": 0.038, ""amount"": 549395.5}]","[{""price"": 0.0426, ""amount"": 638788.3}, {""price"": 0.0428, ""amount"": 572572.6}, {""price"": 0.0451, ""amount"": 446225.9}]",4
BIO/USDT,1h,LONG,0.711,0.467,0.467,0.0,0.0,0.0,0.0697,0.0697,2025-07-14 20:23:31.501838,5.0,4-8 saat,0.519,True,0.369,0.0,False,0.5,DÜŞÜK SIKILIK,0.5,0.4,0.35,"Daha fazla sinyal - Düşük sıkılık, fırsat odaklı",0.2,0.367,0.0,1.0,0.0,0.07034098162547875,"[{""price"": 0.069, ""amount"": 317872.9}, {""price"": 0.0692, ""amount"": 235571.5}, {""price"": 0.0693, ""amount"": 211334.1}]","[{""price"": 0.0709, ""amount"": 444298.7}, {""price"": 0.08, ""amount"": 395640.1}, {""price"": 0.078, ""amount"": 270641.1}]",4
AIXBT/USDT,1h,LONG,0.711,0.467,0.467,0.0,0.0,0.0,0.1542,0.1542,2025-07-14 20:23:49.479113,5.0,4-8 saat,0.519,True,0.369,0.0,False,0.5,DÜŞÜK SIKILIK,0.5,0.4,0.35,"Daha fazla sinyal - Düşük sıkılık, fırsat odaklı",0.2,0.3,0.0,1.0,0.0,0.2400736672087323,"[{""price"": 0.1505, ""amount"": 271283.8}, {""price"": 0.1439, ""amount"": 141775.4}, {""price"": 0.1532, ""amount"": 112831.0}]","[{""price"": 0.163, ""amount"": 165063.7}, {""price"": 0.1546, ""amount"": 103317.7}, {""price"": 0.1543, ""amount"": 97902.0}]",4
BEL/USDT,1h,LONG,0.709,0.333,0.333,0.2,0.0,0.0,0.2856,0.2856,2025-07-14 20:11:00.101629,5.0,4-8 saat,0.501,True,0.371,0.0,False,0.5,DÜŞÜK SIKILIK,0.5,0.4,0.35,"Daha fazla sinyal - Düşük sıkılık, fırsat odaklı",0.2,0.4,0.0,1.0,-0.9999999998989204,-0.37574539401636037,"[{""price"": 0.2825, ""amount"": 7824.2}, {""price"": 0.2835, ""amount"": 7703.2}, {""price"": 0.2766, ""amount"": 6949.9}]","[{""price"": 0.2927, ""amount"": 33799.8}, {""price"": 0.2928, ""amount"": 26475.2}, {""price"": 0.2921, ""amount"": 16284.1}]",3
AVA/USDT,1h,LONG,0.709,0.467,0.467,0.6,0.0,0.0,0.6075,0.6075,2025-07-14 20:12:16.675157,5.0,4-8 saat,0.608,True,0.369,0.0,False,0.5,DÜŞÜK SIKILIK,0.5,0.4,0.35,"Daha fazla sinyal - Düşük sıkılık, fırsat odaklı",0.2,0.4,0.0,1.0,-0.5207950104591557,-0.2576868252197823,"[{""price"": 0.6009, ""amount"": 12608.9}, {""price"": 0.6044, ""amount"": 4626.3}, {""price"": 0.6049, ""amount"": 1646.7}]","[{""price"": 0.6218, ""amount"": 22050.8}, {""price"": 0.622, ""amount"": 16614.2}, {""price"": 0.6101, ""amount"": 5427.1}]",4
AMP/USDT,1h,LONG,0.709,0.333,0.333,1.0,0.0,0.0,0.003778,0.003778,2025-07-14 20:16:40.779190,5.0,4-8 saat,0.621,True,0.369,0.0,False,0.5,DÜŞÜK SIKILIK,0.5,0.4,0.35,"Daha fazla sinyal - Düşük sıkılık, fırsat odaklı",0.2,0.367,0.0,1.0,-0.2219698964701663,-0.12985790203305095,"[{""price"": 0.003757, ""amount"": 2273156.0}, {""price"": 0.003754, ""amount"": 2022862.0}, {""price"": 0.003749, ""amount"": 989615.0}]","[{""price"": 0.003789, ""amount"": 2550743.0}, {""price"": 0.003791, ""amount"": 2081972.0}, {""price"": 0.00379, ""amount"": 2053447.0}]",4
ARKM/USDT,1h,LONG,0.709,0.567,0.567,0.6,0.0,0.0,0.536,0.536,2025-07-14 20:19:26.673609,5.0,4-8 saat,0.643,True,0.37,0.0,False,0.5,DÜŞÜK SIKILIK,0.5,0.4,0.35,"Daha fazla sinyal - Düşük sıkılık, fırsat odaklı",0.2,0.267,0.0,1.0,0.21077853537831454,0.10570446811196438,"[{""price"": 0.526, ""amount"": 198665.6}, {""price"": 0.535, ""amount"": 84087.6}, {""price"": 0.51, ""amount"": 71361.9}]","[{""price"": 0.547, ""amount"": 178133.0}, {""price"": 0.538, ""amount"": 72561.9}, {""price"": 0.541, ""amount"": 65618.5}]",4
BEAMX/USDT,1h,LONG,0.709,0.333,0.333,0.2,0.0,0.0,0.00682,0.00682,2025-07-14 20:20:05.413599,5.0,4-8 saat,0.501,True,0.369,0.0,False,0.5,DÜŞÜK SIKILIK,0.5,0.4,0.35,"Daha fazla sinyal - Düşük sıkılık, fırsat odaklı",0.2,0.4,0.0,1.0,0.9999999999882725,0.019674154454387267,"[{""price"": 0.0068, ""amount"": 12539524.0}, {""price"": 0.00677, ""amount"": 2103424.0}, {""price"": 0.00678, ""amount"": 2094151.0}]","[{""price"": 0.00703, ""amount"": 2529223.0}, {""price"": 0.00691, ""amount"": 2142166.0}, {""price"": 0.007, ""amount"": 1837078.0}]",4
1000SATS/USDT,1h,LONG,0.709,0.333,0.333,0.0,0.0,0.0,4.439e-05,4.439e-05,2025-07-14 20:20:41.242523,5.0,4-8 saat,0.471,True,0.369,0.0,False,0.5,DÜŞÜK SIKILIK,0.5,0.4,0.35,"Daha fazla sinyal - Düşük sıkılık, fırsat odaklı",0.2,0.4,0.0,1.0,0.0,0.32625308117202245,"[{""price"": 4.406e-05, ""amount"": 687305157.0}, {""price"": 4.392e-05, ""amount"": 571906352.0}, {""price"": 4.369e-05, ""amount"": 403631959.0}]","[{""price"": 4.55e-05, ""amount"": 163226247.0}, {""price"": 4.44e-05, ""amount"": 120578835.0}, {""price"": 4.447e-05, ""amount"": 78863586.0}]",4
BONK/USDT,1h,LONG,0.709,0.467,0.467,0.0,0.0,0.0,2.752e-05,2.752e-05,2025-07-14 20:37:28.603180,5.0,4-8 saat,0.518,True,0.369,0.0,False,0.5,DÜŞÜK SIKILIK,0.5,0.4,0.35,"Daha fazla sinyal - Düşük sıkılık, fırsat odaklı",0.4,0.433,0.0,1.0,0.0,-0.05278125509105276,"[{""price"": 2.747e-05, ""amount"": 7857495327.0}, {""price"": 2.749e-05, ""amount"": 7555214597.0}, {""price"": 2.748e-05, ""amount"": 6611774024.0}]","[{""price"": 2.8e-05, ""amount"": 10447877188.0}, {""price"": 2.798e-05, ""amount"": 10084906390.0}, {""price"": 2.85e-05, ""amount"": 8845104664.0}]",3
ALT/USDT,1h,LONG,0.709,0.433,0.433,0.0,0.0,0.0,0.03417,0.03417,2025-07-14 20:38:05.124319,5.0,4-8 saat,0.506,True,0.369,0.0,False,0.5,DÜŞÜK SIKILIK,0.5,0.4,0.35,"Daha fazla sinyal - Düşük sıkılık, fırsat odaklı",0.2,0.267,0.0,1.0,0.0,-0.055058457445433515,"[{""price"": 0.03357, ""amount"": 398521.0}, {""price"": 0.03365, ""amount"": 280274.0}, {""price"": 0.03384, ""amount"": 242981.0}]","[{""price"": 0.03478, ""amount"": 404521.0}, {""price"": 0.0345, ""amount"": 324903.0}, {""price"": 0.0343, ""amount"": 308810.0}]",4
BOME/USDT,1h,LONG,0.709,0.333,0.333,0.0,0.0,0.0,0.00181,0.00181,2025-07-14 20:38:24.301087,5.0,4-8 saat,0.471,True,0.369,0.0,False,0.5,DÜŞÜK SIKILIK,0.5,0.4,0.35,"Daha fazla sinyal - Düşük sıkılık, fırsat odaklı",0.2,0.4,0.0,1.0,0.0,0.29251819431980886,"[{""price"": 0.001772, ""amount"": 17809753.0}, {""price"": 0.001762, ""amount"": 15807791.0}, {""price"": 0.001797, ""amount"": 13572210.0}]","[{""price"": 0.00186, ""amount"": 6321230.0}, {""price"": 0.001895, ""amount"": 5285932.0}, {""price"": 0.001812, ""amount"": 4842267.0}]",4
1MBABYDOGE/USDT,1h,LONG,0.709,0.333,0.333,0.0,0.0,0.0,0.0013524,0.0013524,2025-07-14 20:39:00.825207,5.0,4-8 saat,0.471,True,0.369,0.0,False,0.5,DÜŞÜK SIKILIK,0.5,0.4,0.35,"Daha fazla sinyal - Düşük sıkılık, fırsat odaklı",0.2,0.4,0.0,1.0,0.0,-0.10835140696340195,"[{""price"": 0.001348, ""amount"": 1963790.0}, {""price"": 0.0013422, ""amount"": 1930451.0}, {""price"": 0.0013476, ""amount"": 1790492.0}]","[{""price"": 0.0013583, ""amount"": 13709491.0}, {""price"": 0.0013576, ""amount"": 2275803.0}, {""price"": 0.0013544, ""amount"": 1369235.0}]",4
1000CAT/USDT,1h,LONG,0.709,0.333,0.333,0.0,0.0,0.0,0.00756,0.00756,2025-07-14 20:39:24.521410,5.0,4-8 saat,0.471,True,0.369,0.0,False,0.5,DÜŞÜK SIKILIK,0.5,0.4,0.35,"Daha fazla sinyal - Düşük sıkılık, fırsat odaklı",0.2,0.3,0.0,1.0,0.0,-0.031494734240062154,"[{""price"": 0.00749, ""amount"": 2327706.0}, {""price"": 0.0072, ""amount"": 1043312.3}, {""price"": 0.00753, ""amount"": 808088.1}]","[{""price"": 0.00786, ""amount"": 1055355.2}, {""price"": 0.0076, ""amount"": 655635.5}, {""price"": 0.00761, ""amount"": 637525.5}]",4
BANANAS31/USDT,1h,LONG,0.709,0.333,0.333,0.0,0.0,0.0,0.008636,0.008636,2025-07-14 20:40:27.948949,5.0,4-8 saat,0.471,True,0.369,0.0,False,0.5,DÜŞÜK SIKILIK,0.5,0.4,0.35,"Daha fazla sinyal - Düşük sıkılık, fırsat odaklı",0.2,0.567,0.0,1.0,0.0,-0.017623230890938656,"[{""price"": 0.00855, ""amount"": 1781495.0}, {""price"": 0.00858, ""amount"": 820359.0}, {""price"": 0.008595, ""amount"": 597137.0}]","[{""price"": 0.00865, ""amount"": 1144134.0}, {""price"": 0.008737, ""amount"": 1000000.0}, {""price"": 0.008703, ""amount"": 751294.0}]",4
BABY/USDT,1h,LONG,0.709,0.333,0.333,1.0,0.0,0.0,0.05179,0.05179,2025-07-14 20:40:48.986643,5.0,4-8 saat,0.621,True,0.369,0.0,False,0.5,DÜŞÜK SIKILIK,0.5,0.4,0.35,"Daha fazla sinyal - Düşük sıkılık, fırsat odaklı",0.2,0.367,0.0,1.0,0.181116259679215,0.19494864406625476,"[{""price"": 0.05094, ""amount"": 1421134.0}, {""price"": 0.05162, ""amount"": 1372141.0}, {""price"": 0.05082, ""amount"": 1336884.0}]","[{""price"": 0.05267, ""amount"": 1325000.0}, {""price"": 0.05257, ""amount"": 1079415.0}, {""price"": 0.05225, ""amount"": 678128.0}]",4
CKB/USDT,1h,LONG,0.708,0.333,0.333,0.0,0.0,0.0,0.004271,0.004271,2025-07-14 20:32:00.717111,5.0,4-8 saat,0.47,True,0.369,0.0,False,0.5,DÜŞÜK SIKILIK,0.5,0.4,0.35,"Daha fazla sinyal - Düşük sıkılık, fırsat odaklı",0.2,0.367,0.0,1.0,0.00034372734692699266,0.0005912630360041886,"[{""price"": 0.004203, ""amount"": 18558637.0}, {""price"": 0.004246, ""amount"": 12270526.0}, {""price"": 0.00423, ""amount"": 1873923.0}]","[{""price"": 0.004358, ""amount"": 17898566.0}, {""price"": 0.004315, ""amount"": 12053591.0}, {""price"": 0.004296, ""amount"": 1876481.0}]",4
BTTC/USDT,1h,LONG,0.708,0.567,0.567,1.0,0.0,0.0,7.1e-07,7.1e-07,2025-07-14 20:35:26.569474,5.0,4-8 saat,0.702,True,0.369,0.0,False,0.5,DÜŞÜK SIKILIK,0.5,0.4,0.35,"Daha fazla sinyal - Düşük sıkılık, fırsat odaklı",0.2,0.667,0.0,1.0,-0.03794966308206743,0.12141155591387745,"[{""price"": 6.8e-07, ""amount"": 388186638090.0}, {""price"": 6.9e-07, ""amount"": 369238142456.0}, {""price"": 7e-07, ""amount"": 231236263711.0}]","[{""price"": 7.1e-07, ""amount"": 287130751556.0}, {""price"": 7.2e-07, ""amount"": 184202828254.0}, {""price"": 7.3e-07, ""amount"": 129099729497.0}]",3
ACE/USDT,1h,LONG,0.708,0.567,0.567,1.0,0.0,0.0,0.561,0.561,2025-07-14 20:37:45.911811,5.0,4-8 saat,0.702,True,0.369,0.0,False,0.5,DÜŞÜK SIKILIK,0.5,0.4,0.35,"Daha fazla sinyal - Düşük sıkılık, fırsat odaklı",0.2,0.267,0.0,1.0,0.08238366022167679,-0.2063769381956714,"[{""price"": 0.557, ""amount"": 24900.7}, {""price"": 0.558, ""amount"": 21005.6}, {""price"": 0.556, ""amount"": 20216.9}]","[{""price"": 0.562, ""amount"": 18801.8}, {""price"": 0.585, ""amount"": 18289.0}, {""price"": 0.59, ""amount"": 16879.7}]",4
1000CHEEMS/USDT,1h,LONG,0.708,0.333,0.333,0.2,0.0,0.0,0.001362,0.001362,2025-07-14 20:40:06.807991,5.0,4-8 saat,0.5,True,0.369,0.0,False,0.5,DÜŞÜK SIKILIK,0.5,0.4,0.35,"Daha fazla sinyal - Düşük sıkılık, fırsat odaklı",0.2,0.3,0.0,1.0,-0.999999999884515,-0.23704762454975195,"[{""price"": 0.001319, ""amount"": 5246003.0}, {""price"": 0.001342, ""amount"": 3334106.0}, {""price"": 0.001356, ""amount"": 3133992.0}]","[{""price"": 0.001405, ""amount"": 6163087.0}, {""price"": 0.001365, ""amount"": 5070518.0}, {""price"": 0.001369, ""amount"": 4484334.0}]",4
ALCX/USDT,1h,LONG,0.705,0.467,0.467,1.0,0.0,0.0,8.69,8.69,2025-07-14 20:34:28.942203,5.0,4-8 saat,0.666,True,0.372,0.0,False,0.5,DÜŞÜK SIKILIK,0.5,0.4,0.35,"Daha fazla sinyal - Düşük sıkılık, fırsat odaklı",0.2,0.3,0.0,1.0,-0.48864458914626596,-0.3155905158540324,"[{""price"": 8.62, ""amount"": 1948.5427}, {""price"": 5.01, ""amount"": 600.504}, {""price"": 8.65, ""amount"": 509.0902}]","[{""price"": 9.5, ""amount"": 2124.8776}, {""price"": 9.02, ""amount"": 1933.4865}, {""price"": 8.89, ""amount"": 990.8457}]",4
BANANA/USDT,1h,LONG,0.705,0.7,0.7,0.0,0.0,0.0,23.14,23.14,2025-07-14 20:38:43.386208,5.0,4-8 saat,0.598,True,0.372,0.0,False,0.5,DÜŞÜK SIKILIK,0.5,0.4,0.35,"Daha fazla sinyal - Düşük sıkılık, fırsat odaklı",0.4,0.633,0.0,1.0,0.0,0.017921219461525924,"[{""price"": 22.66, ""amount"": 2177.469}, {""price"": 22.71, ""amount"": 759.09}, {""price"": 22.9, ""amount"": 378.277}]","[{""price"": 23.68, ""amount"": 2219.014}, {""price"": 23.7, ""amount"": 1642.026}, {""price"": 23.47, ""amount"": 716.926}]",3
ATOM/USDT,1h,LONG,0.704,0.567,0.567,0.0,0.0,0.0,4.601,4.601,2025-07-14 20:28:37.945176,5.0,4-8 saat,0.55,True,0.372,0.0,False,0.5,DÜŞÜK SIKILIK,0.5,0.4,0.35,"Daha fazla sinyal - Düşük sıkılık, fırsat odaklı",0.2,0.267,0.0,1.0,0.0,0.36405023299128986,"[{""price"": 4.592, ""amount"": 6020.06}, {""price"": 4.593, ""amount"": 5545.83}, {""price"": 4.591, ""amount"": 5101.66}]","[{""price"": 4.608, ""amount"": 2836.45}, {""price"": 4.609, ""amount"": 2569.3}, {""price"": 4.606, ""amount"": 2467.67}]",4
CAKE/USDT,1h,LONG,0.704,0.467,0.467,0.0,0.0,0.0,2.402,2.402,2025-07-14 20:32:17.978237,5.0,4-8 saat,0.515,True,0.372,0.0,False,0.5,DÜŞÜK SIKILIK,0.5,0.4,0.35,"Daha fazla sinyal - Düşük sıkılık, fırsat odaklı",0.2,0.367,0.0,1.0,0.0,0.18499321622163772,"[{""price"": 2.34, ""amount"": 10186.7}, {""price"": 2.37, ""amount"": 7616.41}, {""price"": 2.393, ""amount"": 6457.2}]","[{""price"": 2.5, ""amount"": 14815.8}, {""price"": 2.409, ""amount"": 7075.88}, {""price"": 2.41, ""amount"": 6712.13}]",4
AUCTION/USDT,1h,LONG,0.704,0.467,0.467,0.0,0.0,0.0,11.65,11.65,2025-07-14 20:33:53.207204,5.0,4-8 saat,0.515,True,0.372,0.0,False,0.5,DÜŞÜK SIKILIK,0.5,0.4,0.35,"Daha fazla sinyal - Düşük sıkılık, fırsat odaklı",0.2,0.4,0.0,1.0,0.0,0.03582436987450475,"[{""price"": 11.58, ""amount"": 1898.61}, {""price"": 11.57, ""amount"": 1731.54}, {""price"": 11.6, ""amount"": 1647.76}]","[{""price"": 11.82, ""amount"": 2803.0}, {""price"": 11.7, ""amount"": 1596.93}, {""price"": 11.75, ""amount"": 1473.95}]",4
APE/USDT,1h,LONG,0.704,0.567,0.567,1.0,0.0,0.0,0.6486,0.6486,2025-07-14 20:36:07.727289,5.0,4-8 saat,0.7,True,0.371,0.0,False,0.5,DÜŞÜK SIKILIK,0.5,0.4,0.35,"Daha fazla sinyal - Düşük sıkılık, fırsat odaklı",0.2,0.267,0.0,1.0,-0.10601492045544686,-0.05028272003322375,"[{""price"": 0.6358, ""amount"": 378373.26}, {""price"": 0.6454, ""amount"": 66359.31}, {""price"": 0.6389, ""amount"": 43984.36}]","[{""price"": 0.6614, ""amount"": 370662.88}, {""price"": 0.6549, ""amount"": 149114.3}, {""price"": 0.6515, ""amount"": 65338.13}]",4
CRV/USDT,1h,LONG,0.703,0.567,0.567,0.0,0.0,0.0,0.7044,0.7044,2025-07-14 20:30:03.364346,5.0,4-8 saat,0.55,True,0.369,0.0,False,0.5,DÜŞÜK SIKILIK,0.5,0.4,0.35,"Daha fazla sinyal - Düşük sıkılık, fırsat odaklı",0.6,0.633,0.0,1.0,0.0,0.49944690546552667,"[{""price"": 0.6978, ""amount"": 66090.8}, {""price"": 0.698, ""amount"": 56287.3}, {""price"": 0.6969, ""amount"": 54547.4}]","[{""price"": 0.7073, ""amount"": 16417.6}, {""price"": 0.7063, ""amount"": 10167.6}, {""price"": 0.7093, ""amount"": 9355.8}]",3
CVX/USDT,1h,LONG,0.703,0.7,0.7,0.2,0.0,0.0,3.975,3.975,2025-07-14 20:34:47.224327,5.0,4-8 saat,0.627,True,0.372,0.0,False,0.5,DÜŞÜK SIKILIK,0.5,0.4,0.35,"Daha fazla sinyal - Düşük sıkılık, fırsat odaklı",0.8,0.467,0.0,1.0,0.9999999999770115,0.23845423436997049,"[{""price"": 3.932, ""amount"": 11063.09}, {""price"": 3.849, ""amount"": 1020.653}, {""price"": 3.903, ""amount"": 692.404}]","[{""price"": 4.018, ""amount"": 3073.741}, {""price"": 4.167, ""amount"": 1392.51}, {""price"": 4.014, ""amount"": 1033.809}]",3
AEUR/USDT,1h,LONG,0.703,0.333,0.333,1.0,0.0,0.0,1.1562,1.1562,2025-07-14 20:37:10.194299,5.0,4-8 saat,0.618,True,0.375,0.0,False,0.5,DÜŞÜK SIKILIK,0.5,0.4,0.35,"Daha fazla sinyal - Düşük sıkılık, fırsat odaklı",0.2,0.3,0.0,1.0,0.49311619900504267,0.5579180265723148,"[{""price"": 1.05, ""amount"": 46063.3}, {""price"": 1.0499, ""amount"": 7148.6}, {""price"": 1.104, ""amount"": 3623.4}]","[{""price"": 1.36, ""amount"": 4519.2}, {""price"": 1.33, ""amount"": 3181.2}, {""price"": 1.29, ""amount"": 3164.0}]",3
ALGO/USDT,1h,LONG,0.712,0.6,0.6,0.0,0.0,0.0,0.2831,0.2831,2025-07-14 20:43:37.546905,5.0,4-8 saat,0.566,True,0.369,0.0,False,0.5,DÜŞÜK SIKILIK,0.5,0.4,0.35,"Daha fazla sinyal - Düşük sıkılık, fırsat odaklı",0.2,0.367,0.0,1.0,0.0,0.16192659146473515,"[{""price"": 0.275, ""amount"": 200726.0}, {""price"": 0.2755, ""amount"": 92040.0}, {""price"": 0.279, ""amount"": 90989.0}]","[{""price"": 0.285, ""amount"": 133225.0}, {""price"": 0.2859, ""amount"": 70682.0}, {""price"": 0.2854, ""amount"": 65283.0}]",4
CVX/USDT,1h,LONG,0.703,0.7,0.7,0.2,0.0,0.0,4.011,4.011,2025-07-14 20:48:38.590776,5.0,4-8 saat,0.627,True,0.372,0.0,False,0.5,DÜŞÜK SIKILIK,0.5,0.4,0.35,"Daha fazla sinyal - Düşük sıkılık, fırsat odaklı",1.0,0.467,0.0,1.0,-0.9999999999953638,-0.5096775745680016,"[{""price"": 3.961, ""amount"": 9864.115}, {""price"": 3.983, ""amount"": 1301.706}, {""price"": 3.96, ""amount"": 1262.626}]","[{""price"": 4.25, ""amount"": 50751.624}, {""price"": 4.051, ""amount"": 3109.656}, {""price"": 4.229, ""amount"": 1392.459}]",3
BERA/USDT,1h,LONG,0.703,0.7,0.7,0.0,0.0,0.0,2.143,2.143,2025-07-14 20:50:48.747471,5.0,4-8 saat,0.597,True,0.374,0.0,False,0.5,DÜŞÜK SIKILIK,0.5,0.4,0.35,"Daha fazla sinyal - Düşük sıkılık, fırsat odaklı",1.0,0.633,0.0,1.0,0.0,0.654419353109677,"[{""price"": 2.123, ""amount"": 44198.132}, {""price"": 2.122, ""amount"": 31057.692}, {""price"": 2.102, ""amount"": 28574.01}]","[{""price"": 2.182, ""amount"": 8622.297}, {""price"": 2.185, ""amount"": 8571.507}, {""price"": 2.18, ""amount"": 5781.969}]",3
BAND/USDT,1h,LONG,0.702,0.467,0.467,1.0,0.0,0.0,0.692,0.692,2025-07-14 20:44:02.048600,5.0,4-8 saat,0.665,True,0.37,0.0,False,0.5,DÜŞÜK SIKILIK,0.5,0.4,0.35,"Daha fazla sinyal - Düşük sıkılık, fırsat odaklı",0.2,0.3,0.0,1.0,-0.35965035914181914,-0.2770447196804503,"[{""price"": 0.58, ""amount"": 34500.2}, {""price"": 0.6, ""amount"": 33753.3}, {""price"": 0.683, ""amount"": 27095.7}]","[{""price"": 0.713, ""amount"": 30802.6}, {""price"": 0.721, ""amount"": 25375.5}, {""price"": 0.723, ""amount"": 24424.8}]",4
AVAX/USDT,1h,LONG,0.702,0.467,0.467,0.0,0.0,0.0,21.42,21.42,2025-07-14 20:45:05.287985,5.0,4-8 saat,0.514,True,0.371,0.0,False,0.5,DÜŞÜK SIKILIK,0.5,0.4,0.35,"Daha fazla sinyal - Düşük sıkılık, fırsat odaklı",0.2,0.367,0.0,1.0,0.0,0.2126018068538055,"[{""price"": 21.26, ""amount"": 12150.09}, {""price"": 21.0, ""amount"": 10618.11}, {""price"": 21.34, ""amount"": 7746.69}]","[{""price"": 21.58, ""amount"": 12145.04}, {""price"": 21.5, ""amount"": 9612.72}, {""price"": 21.46, ""amount"": 7088.91}]",4
ATM/USDT,1h,LONG,0.702,0.467,0.467,1.0,0.0,0.0,1.066,1.066,2025-07-14 20:46:07.514689,5.0,4-8 saat,0.664,True,0.371,0.0,False,0.5,DÜŞÜK SIKILIK,0.5,0.4,0.35,"Daha fazla sinyal - Düşük sıkılık, fırsat odaklı",0.2,0.367,0.0,1.0,-0.4334818841139179,-0.30529501060671527,"[{""price"": 1.059, ""amount"": 7092.04}, {""price"": 1.06, ""amount"": 5604.89}, {""price"": 1.054, ""amount"": 5362.5}]","[{""price"": 1.125, ""amount"": 16555.88}, {""price"": 1.163, ""amount"": 10793.13}, {""price"": 1.151, ""amount"": 6227.14}]",4
ACM/USDT,1h,LONG,0.702,0.467,0.467,1.0,0.0,0.0,0.834,0.834,2025-07-14 20:46:45.698574,5.0,4-8 saat,0.664,True,0.372,0.0,False,0.5,DÜŞÜK SIKILIK,0.5,0.4,0.35,"Daha fazla sinyal - Düşük sıkılık, fırsat odaklı",0.2,0.4,0.0,1.0,-0.46461350939612656,-0.2962824988714619,"[{""price"": 0.69, ""amount"": 13999.0}, {""price"": 0.701, ""amount"": 10826.4}, {""price"": 0.75, ""amount"": 9782.6}]","[{""price"": 0.95, ""amount"": 22003.6}, {""price"": 0.858, ""amount"": 18991.8}, {""price"": 0.877, ""amount"": 18462.9}]",3
BAR/USDT,1h,LONG,0.702,0.6,0.6,1.0,0.0,0.0,1.133,1.133,2025-07-14 20:47:05.575020,5.0,4-8 saat,0.711,True,0.371,0.0,False,0.5,DÜŞÜK SIKILIK,0.5,0.4,0.35,"Daha fazla sinyal - Düşük sıkılık, fırsat odaklı",0.2,0.4,0.0,1.0,-0.34596703259655914,-0.2697836335228808,"[{""price"": 1.1, ""amount"": 11384.91}, {""price"": 1.123, ""amount"": 7816.22}, {""price"": 1.01, ""amount"": 5796.25}]","[{""price"": 1.2, ""amount"": 25429.83}, {""price"": 1.188, ""amount"": 8481.69}, {""price"": 1.236, ""amount"": 8179.71}]",4
AGLD/USDT,1h,LONG,0.702,0.567,0.567,0.2,0.0,0.0,0.787,0.787,2025-07-14 20:47:50.666109,5.0,4-8 saat,0.579,True,0.371,0.0,False,0.5,DÜŞÜK SIKILIK,0.5,0.4,0.35,"Daha fazla sinyal - Düşük sıkılık, fırsat odaklı",0.2,0.367,0.0,1.0,-0.9999999999568794,-0.23939084335274133,"[{""price"": 0.735, ""amount"": 13898.8}, {""price"": 0.785, ""amount"": 10431.4}, {""price"": 0.786, ""amount"": 10117.2}]","[{""price"": 0.817, ""amount"": 28385.3}, {""price"": 0.826, ""amount"": 13054.7}, {""price"": 0.825, ""amount"": 9445.4}]",4
CITY/USDT,1h,LONG,0.702,0.333,0.333,1.0,0.0,0.0,0.913,0.913,2025-07-14 20:48:14.072694,5.0,4-8 saat,0.618,True,0.371,0.0,False,0.5,DÜŞÜK SIKILIK,0.5,0.4,0.35,"Daha fazla sinyal - Düşük sıkılık, fırsat odaklı",0.2,0.4,0.0,1.0,-0.5137405257446465,-0.39336998968059256,"[{""price"": 0.907, ""amount"": 20540.29}, {""price"": 0.911, ""amount"": 10317.34}, {""price"": 0.903, ""amount"": 5406.59}]","[{""price"": 0.97, ""amount"": 24816.24}, {""price"": 0.995, ""amount"": 12552.44}, {""price"": 0.957, ""amount"": 10604.87}]",4
API3/USDT,1h,LONG,0.702,0.467,0.467,0.8,0.0,0.0,0.72,0.72,2025-07-14 20:48:58.890618,5.0,4-8 saat,0.634,True,0.374,0.0,False,0.5,DÜŞÜK SIKILIK,0.5,0.4,0.35,"Daha fazla sinyal - Düşük sıkılık, fırsat odaklı",0.2,0.367,0.0,1.0,-0.556307840854634,-0.19777424799433688,"[{""price"": 0.718, ""amount"": 22231.97}, {""price"": 0.64, ""amount"": 16758.28}, {""price"": 0.719, ""amount"": 15163.7}]","[{""price"": 0.78, ""amount"": 28174.78}, {""price"": 0.723, ""amount"": 23805.78}, {""price"": 0.722, ""amount"": 23272.61}]",4
ALPINE/USDT,1h,LONG,0.702,0.7,0.7,1.0,0.0,0.0,0.851,0.851,2025-07-14 20:49:18.469635,5.0,4-8 saat,0.746,True,0.371,0.0,False,0.5,DÜŞÜK SIKILIK,0.5,0.4,0.35,"Daha fazla sinyal - Düşük sıkılık, fırsat odaklı",0.6,0.367,0.0,1.0,-0.6912691187450559,-0.36557214332911325,"[{""price"": 0.842, ""amount"": 10250.77}, {""price"": 0.846, ""amount"": 7477.03}, {""price"": 0.84, ""amount"": 6461.05}]","[{""price"": 0.88, ""amount"": 20857.75}, {""price"": 0.854, ""amount"": 18330.38}, {""price"": 0.874, ""amount"": 16276.63}]",4
APT/USDT,1h,LONG,0.702,0.467,0.467,0.4,0.0,0.0,5.013,5.013,2025-07-14 20:49:39.689002,5.0,4-8 saat,0.574,True,0.374,0.0,False,0.5,DÜŞÜK SIKILIK,0.5,0.4,0.35,"Daha fazla sinyal - Düşük sıkılık, fırsat odaklı",0.2,0.367,0.0,1.0,-0.01911854840385693,0.1723544996354932,"[{""price"": 4.923, ""amount"": 46112.32}, {""price"": 4.973, ""amount"": 20097.59}, {""price"": 4.93, ""amount"": 12129.73}]","[{""price"": 5.11, ""amount"": 46156.63}, {""price"": 5.059, ""amount"": 19766.89}, {""price"": 5.046, ""amount"": 6613.56}]",4
CYBER/USDT,1h,LONG,0.702,0.467,0.467,0.6,0.0,0.0,1.559,1.559,2025-07-14 20:50:00.846620,5.0,4-8 saat,0.604,True,0.374,0.0,False,0.5,DÜŞÜK SIKILIK,0.5,0.4,0.35,"Daha fazla sinyal - Düşük sıkılık, fırsat odaklı",0.2,0.3,0.0,1.0,-0.4200625821400441,-0.08579577402444084,"[{""price"": 1.536, ""amount"": 10914.54}, {""price"": 1.4, ""amount"": 8583.33}, {""price"": 1.533, ""amount"": 5520.59}]","[{""price"": 1.738, ""amount"": 14026.02}, {""price"": 1.598, ""amount"": 10434.11}, {""price"": 1.58, ""amount"": 7025.57}]",4
ASR/USDT,1h,LONG,0.701,0.7,0.7,1.0,0.0,0.0,2.259,2.259,2025-07-14 20:46:25.369285,5.0,4-8 saat,0.745,True,0.371,0.0,False,0.5,DÜŞÜK SIKILIK,0.5,0.4,0.35,"Daha fazla sinyal - Düşük sıkılık, fırsat odaklı",0.2,0.267,0.0,1.0,-0.5321096355714229,-0.23256792484907027,"[{""price"": 2.228, ""amount"": 4678.1}, {""price"": 2.227, ""amount"": 3327.5}, {""price"": 2.02, ""amount"": 3000.0}]","[{""price"": 2.34, ""amount"": 7281.2}, {""price"": 2.393, ""amount"": 4242.9}, {""price"": 2.4, ""amount"": 4085.6}]",4
AR/USDT,1h,LONG,0.701,0.467,0.467,0.8,0.0,0.0,6.85,6.85,2025-07-14 20:47:27.780244,5.0,4-8 saat,0.634,True,0.375,0.0,False,0.5,DÜŞÜK SIKILIK,0.5,0.4,0.35,"Daha fazla sinyal - Düşük sıkılık, fırsat odaklı",0.2,0.3,0.0,1.0,0.04749800773862173,0.05865487810584275,"[{""price"": 6.0, ""amount"": 13366.02}, {""price"": 6.5, ""amount"": 12421.32}, {""price"": 5.88, ""amount"": 10626.86}]","[{""price"": 7.8, ""amount"": 26046.02}, {""price"": 6.88, ""amount"": 5078.21}, {""price"": 7.6, ""amount"": 3840.68}]",4
BNT/USDT,1h,LONG,0.7,0.333,0.333,1.0,0.0,0.0,0.6992,0.6992,2025-07-14 20:44:22.238385,5.0,4-8 saat,0.617,True,0.372,0.0,False,0.5,DÜŞÜK SIKILIK,0.5,0.4,0.35,"Daha fazla sinyal - Düşük sıkılık, fırsat odaklı",0.2,0.367,0.0,1.0,-0.9999999999804361,-0.5402858322681603,"[{""price"": 0.6975, ""amount"": 5670.6}, {""price"": 0.698, ""amount"": 4226.7}, {""price"": 0.6807, ""amount"": 3800.5}]","[{""price"": 0.7154, ""amount"": 14349.7}, {""price"": 0.7137, ""amount"": 12761.5}, {""price"": 0.7105, ""amount"": 11263.2}]",4
COMP/USDT,1h,LONG,0.7,0.6,0.6,0.0,0.0,0.0,49.47,49.47,2025-07-14 20:44:44.567963,5.0,4-8 saat,0.56,True,0.373,0.0,False,0.5,DÜŞÜK SIKILIK,0.5,0.4,0.35,"Daha fazla sinyal - Düşük sıkılık, fırsat odaklı",0.2,0.367,0.0,1.0,0.0,0.05400497090023317,"[{""price"": 49.1, ""amount"": 252.388}, {""price"": 49.12, ""amount"": 230.902}, {""price"": 49.39, ""amount"": 130.474}]","[{""price"": 50.48, ""amount"": 318.922}, {""price"": 49.87, ""amount"": 239.287}, {""price"": 49.47, ""amount"": 130.798}]",4
AXS/USDT,1h,LONG,0.7,0.567,0.567,0.0,0.0,0.0,2.475,2.475,2025-07-14 20:45:46.720613,5.0,4-8 saat,0.548,True,0.373,0.0,False,0.5,DÜŞÜK SIKILIK,0.5,0.4,0.35,"Daha fazla sinyal - Düşük sıkılık, fırsat odaklı",0.2,0.267,0.0,1.0,0.0,0.22183977704810365,"[{""price"": 2.474, ""amount"": 4456.21}, {""price"": 2.471, ""amount"": 3589.43}, {""price"": 2.45, ""amount"": 3266.82}]","[{""price"": 2.481, ""amount"": 3581.96}, {""price"": 2.483, ""amount"": 3167.91}, {""price"": 2.48, ""amount"": 3126.24}]",4
ADA/USDT,1h,LONG,0.699,0.467,0.467,0.0,0.0,0.0,0.7362,0.7362,2025-07-14 20:42:53.683703,5.0,4-8 saat,0.513,True,0.372,0.0,False,0.5,DÜŞÜK SIKILIK,0.5,0.4,0.35,"Daha fazla sinyal - Düşük sıkılık, fırsat odaklı",0.2,0.367,0.0,1.0,0.0,0.05313237232237947,"[{""price"": 0.735, ""amount"": 148928.7}, {""price"": 0.7319, ""amount"": 146504.2}, {""price"": 0.7333, ""amount"": 133233.7}]","[{""price"": 0.7415, ""amount"": 144485.0}, {""price"": 0.7381, ""amount"": 125476.3}, {""price"": 0.7379, ""amount"": 95450.1}]",4
BANANAS31/USDT,1h,LONG,0.709,0.333,0.333,0.0,0.0,0.0,0.008779,0.008779,2025-07-14 20:55:29.117617,5.0,4-8 saat,0.471,True,0.369,0.0,False,0.5,DÜŞÜK SIKILIK,0.5,0.4,0.35,"Daha fazla sinyal - Düşük sıkılık, fırsat odaklı",0.2,0.6,0.0,1.0,0.0,-0.13378130767727067,"[{""price"": 0.00875, ""amount"": 2454950.0}, {""price"": 0.008699, ""amount"": 525589.0}, {""price"": 0.008732, ""amount"": 493749.0}]","[{""price"": 0.008822, ""amount"": 2681535.0}, {""price"": 0.0088, ""amount"": 1076866.0}, {""price"": 0.008863, ""amount"": 751322.0}]",3
BCH/USDT,1h,LONG,0.692,0.467,0.467,0.0,0.0,0.0,505.2,505.2,2025-07-14 20:53:20.090533,5.0,4-8 saat,0.509,True,0.37,0.0,False,0.5,DÜŞÜK SIKILIK,0.5,0.4,0.35,"Daha fazla sinyal - Düşük sıkılık, fırsat odaklı",0.2,0.3,0.0,1.0,0.0,-0.0009310489827906273,"[{""price"": 499.6, ""amount"": 134.804}, {""price"": 498.1, ""amount"": 116.725}, {""price"": 499.4, ""amount"": 112.056}]","[{""price"": 511.3, ""amount"": 141.056}, {""price"": 512.9, ""amount"": 121.363}, {""price"": 510.5, ""amount"": 106.711}]",4
AAVE/USDT,1h,LONG,0.687,0.467,0.467,0.0,0.0,0.0,316.65,316.65,2025-07-14 20:53:58.310983,5.0,4-8 saat,0.507,True,0.372,0.0,False,0.5,DÜŞÜK SIKILIK,0.5,0.4,0.35,"Daha fazla sinyal - Düşük sıkılık, fırsat odaklı",0.2,0.367,0.0,1.0,0.0,-0.00029395708214942736,"[{""price"": 316.16, ""amount"": 64.249}, {""price"": 316.0, ""amount"": 63.451}, {""price"": 316.4, ""amount"": 55.592}]","[{""price"": 316.9, ""amount"": 56.446}, {""price"": 316.86, ""amount"": 51.153}, {""price"": 317.47, ""amount"": 46.431}]",4
